"","Nutrients","Temperature","emmean","SE","df","lower.CL","upper.CL",".group"
"4","LN","31",0.632143122651713,0.0136529018985012,2.05604868755938,0.574907639901486,0.68937860540194," 1   "
"3","HN","31",0.639529909372426,0.0136536363995814,2.05648089870373,0.58230246208873,0.696757356656122,"  2  "
"2","LN","28",0.648579060299114,0.0136479668927176,2.05308287862572,0.591287825116065,0.705870295482164,"   3 "
"1","HN","28",0.655965847019828,0.0136573124559832,2.05871116032677,0.598780240184149,0.713151453855507,"    4"
