"","Nutrients","Temperature","emmean","SE","df","lower.CL","upper.CL",".group"
"4","LN","31",0.634729176872858,0.0146541700651067,2.02336333979812,0.572369938763687,0.69708841498203," 1   "
"3","HN","31",0.640559772187123,0.0146546143538704,2.02360642772515,0.578205712686814,0.702913831687431,"  2  "
"2","LN","28",0.650499846935401,0.0146531095278891,2.02277765497217,0.58812807991839,0.712871613952412,"   3 "
"1","HN","28",0.656330442249665,0.0146552126299993,2.02393945594055,0.593983517822077,0.718677366677253,"    4"
